<?xml version="1.0" encoding="UTF-8"?>
<GenRun Id="synth_1" LaunchPart="xc7z010clg400-1" LaunchTime="1448986090">
  <File Type="RDS-DCP" Name="Lab3_wrapper.dcp"/>
  <File Type="RUN-CONSTRS" Name="$PDATADIR/runs/synth_1/constrs_in.xml"/>
  <File Type="RDS-UTIL-PB" Name="Lab3_wrapper_utilization_synth.pb"/>
  <File Type="RUN-SRCS" Name="$PDATADIR/runs/synth_1/sources.xml"/>
  <File Type="RDS-PROPCONSTRS" Name="Lab3_wrapper_drc_synth.rpt"/>
  <File Type="PA-TCL" Name="Lab3_wrapper.tcl"/>
  <File Type="RUN-STRAT" Name="$PDATADIR/runs/synth_1/synth_1.psg"/>
  <File Type="RDS-RDS" Name="Lab3_wrapper.vds"/>
  <File Type="RDS-UTIL" Name="Lab3_wrapper_utilization_synth.rpt"/>
  <File Type="VDS-TIMINGSUMMARY" Name="Lab3_wrapper_timing_summary_synth.rpt"/>
  <File Type="VDS-TIMING-PB" Name="Lab3_wrapper_timing_summary_synth.pb"/>
  <FileSet Name="sources" Type="DesignSrcs" RelSrcDir="$PSRCDIR/sources_1">
    <Filter Type="Srcs"/>
    <File Path="$PSRCDIR/sources_1/bd/Lab3/Lab3.bd">
      <FileInfo>
        <Attr Name="ImportPath" Val="$PPRDIR/../EET305_Lab3_Fa15/EET305_Lab3_Fa15.srcs/sources_1/bd/Lab3/Lab3.bd"/>
        <Attr Name="ImportTime" Val="1448985633"/>
        <Attr Name="UsedIn" Val="synthesis"/>
        <Attr Name="UsedIn" Val="implementation"/>
        <Attr Name="UsedIn" Val="simulation"/>
      </FileInfo>
    </File>
    <File Path="$PSRCDIR/sources_1/bd/Lab3/hdl/Lab3_wrapper.vhd">
      <FileInfo>
        <Attr Name="ImportPath" Val="$PPRDIR/../EET305_Lab3_Fa15/EET305_Lab3_Fa15.srcs/sources_1/bd/Lab3/hdl/Lab3_wrapper.vhd"/>
        <Attr Name="ImportTime" Val="1436272458"/>
        <Attr Name="UsedIn" Val="synthesis"/>
        <Attr Name="UsedIn" Val="simulation"/>
      </FileInfo>
    </File>
    <File Path="$PSRCDIR/sources_1/bd/Lab3/ip/Lab3_processing_system7_0_0/Lab3_processing_system7_0_0.upgrade_log">
      <FileInfo>
        <Attr Name="ImportPath" Val="$PPRDIR/../EET305_Lab3_Fa15/EET305_Lab3_Fa15.srcs/sources_1/bd/Lab3/ip/Lab3_processing_system7_0_0/Lab3_processing_system7_0_0.upgrade_log"/>
        <Attr Name="ImportTime" Val="1436272371"/>
      </FileInfo>
    </File>
    <Config>
      <Option Name="DesignMode" Val="RTL"/>
      <Option Name="TopModule" Val="Lab3_wrapper"/>
      <Option Name="TopAutoSet" Val="TRUE"/>
    </Config>
  </FileSet>
  <FileSet Name="constrs_in" Type="Constrs" RelSrcDir="$PSRCDIR/constrs_1">
    <Filter Type="Constrs"/>
    <File Path="$PSRCDIR/constrs_1/imports/ZYBO_Master_xdc/ZYBO_Master.xdc">
      <FileInfo>
        <Attr Name="ImportPath" Val="$PPRDIR/../dual_uart/dual_uart/dual_uart.srcs/constrs_1/imports/ZYBO_Master_xdc/ZYBO_Master.xdc"/>
        <Attr Name="ImportTime" Val="1420827452"/>
        <Attr Name="UsedIn" Val="synthesis"/>
        <Attr Name="UsedIn" Val="implementation"/>
      </FileInfo>
    </File>
    <Config>
      <Option Name="ConstrsType" Val="XDC"/>
    </Config>
  </FileSet>
  <Strategy Version="1" Minor="2">
    <StratHandle Name="Vivado Synthesis Defaults" Flow="Vivado Synthesis 2014"/>
    <Step Id="synth_design"/>
  </Strategy>
</GenRun>
